{"cameraMode":{"drawMode":0,"name":"Shaded","section":"Shading Mode"},"sceneLighting":true,"audioPlay":false,"sceneViewState":{"m_AlwaysRefresh":true,"showFog":true,"showSkybox":false,"showFlares":true,"showImageEffects":true,"showParticleSystems":true,"showVisualEffectGraphs":true,"m_FxEnabled":true},"in2DMode":false,"pivot":{"x":0.3902859687805176,"y":0.521615743637085,"z":0.01706695556640625},"rotation":{"x":-0.17537875473499299,"y":-0.2783898711204529,"z":0.05178185924887657,"w":-0.9429007768630981},"size":4.494015216827393,"orthographic":false}