{"cameraMode":{"drawMode":0,"name":"Shaded","section":"Shading Mode"},"sceneLighting":true,"audioPlay":false,"sceneViewState":{"m_AlwaysRefresh":true,"showFog":true,"showSkybox":false,"showFlares":true,"showImageEffects":true,"showParticleSystems":true,"showVisualEffectGraphs":true,"m_FxEnabled":true},"in2DMode":false,"pivot":{"x":1.8697168827056885,"y":2.4897046089172365,"z":-1.9867327213287354},"rotation":{"x":-0.08849120140075684,"y":-0.40229350328445437,"z":0.03910478577017784,"w":-0.9103860259056091},"size":3.327833890914917,"orthographic":false}